cause_id,cause_ko,guidance_ko,drill_ko,posture_signals,observable_note
good_group,양호한 탄착군,현재 자세와 격발을 유지하세요. 탄 수를 늘려 일관성을 확인합니다.,5발 1세트 반복 기록,,
sight_zero,조준기 영점 불일치,탄착군이 촘촘하므로 사수는 일관되게 쏘고 있습니다. 조준기(가늠자)를 탄착군 반대 방향으로 조정하세요. 한 발만 보고 조정하지 말고 5발 이상 탄착군 기준으로 조정합니다.,영점 사격 5발 → 조정 → 확인 5발,,자세 영상으로는 판별 불가 (장비 요인)
sight_alignment,가늠쇠·가늠자 정렬 오류,가늠쇠 윗면이 가늠자 홈 윗면과 수평이고 좌우 여백이 같은지 확인하세요. 격발 순간 초점은 가늠쇠에 둡니다.,건식 사격(Dry fire)으로 정렬 유지 연습,,눈·조준 상태라 자세 영상으로는 판별 불가
heeling,힐링 (손바닥 아랫부분으로 밀기),방아쇠를 당기지 않으려고 손바닥 아랫부분(엄지 두덩)에 힘을 주면 총구가 들려 사격하는 손 쪽 위로 맞습니다. 방아쇠만 곧게 뒤로 누르세요.,건식 사격 + 볼앤더미(실탄·공포탄 혼합) 훈련,muzzle_up_preshot;shoulder_tension,측면 영상에서 격발 직전 총구 들림으로 확인
wrist_break_up,손목 위로 꺾임,격발 순간 손목이 위로 꺾여 총구가 들립니다. 손목을 고정한 채 팔 전체로 총을 지지하세요.,손목 고정 그립 연습,muzzle_up_preshot,측면 영상에서 확인
anticipation_high,반동 예상 (위로 반응),반동을 미리 예상해 격발 직전 근육이 긴장하면 총구가 들립니다(대략 1시 방향). 언제 격발될지 모르게 방아쇠를 점진적으로 누르세요.,볼앤더미 훈련,muzzle_up_preshot;shoulder_tension,측면 영상에서 확인
anticipation_low,반동 예상 (아래로 누름),반동을 이기려고 격발 순간 총을 아래로 누르는 습관입니다. 공포탄이 섞인 상태에서 총구가 아래로 꺼지는지 스스로 확인해 보세요.,볼앤더미 훈련,muzzle_dip_preshot;shoulder_tension,측면 영상에서 격발 직전 총구 하강으로 확인
jerking,방아쇠 급격히 당김 (저킹),좋은 조준이 된 순간 방아쇠를 확 잡아당기면 손 전체가 함께 움직여 오른손잡이 기준 왼쪽 아래로 맞습니다. 방아쇠 압력을 끊김 없이 곧게 뒤로 증가시키세요.,건식 사격 → 볼앤더미,muzzle_dip_preshot;lateral_shift_preshot,측면 영상은 하강만 확인 가능. 좌우 흔들림은 후방 영상 필요
snatching,방아쇠 낚아채기,방아쇠를 빠르게 낚아채며 총이 오른쪽 아래로 끌려갑니다. 방아쇠 여유를 먼저 없앤 뒤 일정하게 누르세요.,건식 사격 슬로우 트리거,muzzle_dip_preshot;lateral_shift_preshot,좌우는 후방 영상 필요
slack_wrist,손목 이완,격발 순간 손목이 풀리면 반동을 제어하지 못합니다. 손목을 고정하고 그립 압력을 일정하게 유지하세요.,그립 압력 유지 연습,wrist_unstable,
thumb_pressure,엄지 과도한 압력,엄지로 옆에서 밀면 오른쪽으로 벗어납니다. 엄지는 힘을 빼고 올려두기만 하세요.,그립 재설정,lateral_shift_preshot,후방 영상 필요
grip_tightening,격발 순간 그립 조임·손목 좌측 꺾임,격발 순간 손 전체로 꽉 쥐면 손목이 왼쪽으로 꺾입니다. 그립 압력은 격발 전에 정하고 격발 중에는 바꾸지 마세요.,그립 압력 일정 유지 건식 사격,lateral_shift_preshot,후방 영상 필요
elbow_relax,팔꿈치 이완,격발 순간 팔꿈치 힘이 풀리면 총이 흔들립니다. 팔을 곧게 고정하세요.,팔 고정 유지 연습,elbow_angle_change,측면 영상에서 팔꿈치 각 변화로 확인
trigger_finger_side,방아쇠를 손가락 옆면으로 누름,방아쇠 오른쪽 면에 압력이 걸리면 손가락 관절이 구부러지며 왼쪽으로 맞습니다. 검지 첫마디 중앙으로 곧게 뒤로 누르세요.,검지 위치 교정 건식 사격,lateral_shift_preshot,손가락은 영상 해상도상 확인 어려움
fingertip_pressure,손끝·새끼손가락 과도한 압력,손끝이나 새끼손가락에 힘이 들어가면 왼쪽 아래로 끌립니다. 손바닥 전체로 고르게 쥐세요.,그립 재설정,,영상으로 판별 어려움
pushing_trigger,방아쇠 밀기,방아쇠를 옆으로 밀며 총이 왼쪽으로 움직입니다.,건식 사격 슬로우 트리거,lateral_shift_preshot,후방 영상 필요
canting,총기 기울임,총을 왼쪽으로 기울이며 총구가 떨어집니다. 가늠자를 수평으로 유지하세요.,수평 유지 조준 연습,,총기 회전은 키포인트로 확인 불가
follow_through,팔로스루 부족 (격발 전 총 내림),탄이 나가기 전에 총을 내리거나 결과를 보려고 고개를 듭니다. 격발 후에도 1초간 조준 상태를 유지하세요.,격발 후 조준 유지 1초 카운트,early_drop_post;head_lift_post,측면 영상에서 격발 직후 팔 하강으로 확인
concentration,집중력 저하,조준 시간이 길어지면 집중이 흐트러집니다. 조준 후 몇 초 안에 격발하는 리듬을 만드세요.,격발 리듬 훈련,,영상으로 판별 불가
breathing,호흡 미조절,조준 중 숨을 쉬면 총이 위아래로 움직입니다. 숨을 쉬고 일부 내쉰 뒤 멈춘 상태에서 격발하세요 (BRASS).,BRASS 순서 연습,breath_sway,측면 영상에서 격발 전 상하 주기적 흔들림으로 확인
body_sway_vertical,몸 앞뒤 흔들림,자세가 안정되지 않아 몸이 앞뒤로 흔들립니다. 체중을 양발에 고르게 싣고 무릎을 살짝 푸세요.,자세 유지 연습,torso_sway,
arm_fatigue,팔·어깨 근력 부족,조준 시간 동안 팔이 처지거나 떨립니다. 조준 시간을 줄이고 팔 지지 근력 운동을 병행하세요.,거총 유지 훈련,arm_sag_preshot;wrist_unstable,
natural_point_of_aim,자연 조준점 불일치,눈을 감았다 떴을 때 조준점이 옆으로 벗어나 있다면 발 위치를 조정하세요.,자연 조준점 확인 연습,torso_sway,
grip_consistency,그립 불일치,매 발 그립 위치가 달라집니다. 같은 위치를 같은 압력으로 쥐는 루틴을 만드세요.,그립 루틴 반복,,영상으로 판별 어려움
body_sway_lateral,몸 좌우 흔들림,서 있는 자세가 좌우로 흔들립니다. 스탠스를 어깨너비로 넓히세요.,스탠스 안정 연습,torso_sway,후방·정면 영상에서 확인
fundamentals,기본기 전반 (특정 원인 없음),특정 방향 없이 흩어졌습니다. 자연 조준점 → 그립 → 방아쇠 순서로 하나씩 점검하세요.,기본 자세 점검 루틴,wrist_unstable;breath_sway;torso_sway,
wrist_instability,조준 중 손 떨림,조준 중 손이 계속 흔들립니다. 조준 시간을 줄이고 그립을 안정시키세요.,거총 유지 훈련,wrist_unstable,
