rule_id,shape,sector,cause_id,prior,source
R00,tight_centered,*,good_group,1.0,USAMU
R01,tight_offset,*,sight_zero,0.9,USAMU
R02,tight_offset,12,heeling,0.4,TSC;FM
R03,tight_offset,12,wrist_break_up,0.35,TSC
R04,tight_offset,1.5,heeling,0.45,TSC;FM;USAMU
R05,tight_offset,1.5,anticipation_high,0.4,USAMU;TSC
R06,tight_offset,6,follow_through,0.35,TSC
R07,tight_offset,7.5,jerking,0.4,USAMU;TSC
R08,tight_offset,4.5,snatching,0.35,TSC
R09,tight_offset,9,grip_tightening,0.3,TSC;FM
R10,tight_offset,3,thumb_pressure,0.3,TSC
R11,tight_offset,*,sight_alignment,0.3,TSC;FM
R20,scattered_offset,12,heeling,0.6,TSC;FM
R21,scattered_offset,12,wrist_break_up,0.55,TSC
R22,scattered_offset,12,sight_alignment,0.3,TSC;FM
R23,scattered_offset,1.5,heeling,0.6,TSC;FM;USAMU
R24,scattered_offset,1.5,anticipation_high,0.55,USAMU;TSC
R25,scattered_offset,1.5,slack_wrist,0.45,TSC
R26,scattered_offset,3,thumb_pressure,0.5,TSC
R27,scattered_offset,3,sight_alignment,0.3,TSC
R28,scattered_offset,4.5,snatching,0.6,TSC
R29,scattered_offset,4.5,slack_wrist,0.45,TSC
R30,scattered_offset,6,anticipation_low,0.6,FM
R31,scattered_offset,6,follow_through,0.55,TSC
R32,scattered_offset,6,concentration,0.3,TSC
R33,scattered_offset,6,sight_alignment,0.3,TSC
R34,scattered_offset,7.5,jerking,0.7,USAMU;TSC
R35,scattered_offset,7.5,canting,0.4,TSC
R36,scattered_offset,7.5,pushing_trigger,0.45,TSC
R37,scattered_offset,9,grip_tightening,0.55,TSC
R38,scattered_offset,9,elbow_relax,0.45,TSC
R39,scattered_offset,9,trigger_finger_side,0.45,FM
R40,scattered_offset,9,fingertip_pressure,0.35,TSC
R41,scattered_offset,10.5,sight_alignment,0.4,TSC;FM
R42,scattered_offset,10.5,grip_tightening,0.3,TSC
R50,vertical_string,*,breathing,0.6,TSC;FM
R51,vertical_string,*,body_sway_vertical,0.5,TSC
R52,vertical_string,*,arm_fatigue,0.45,TSC
R60,horizontal_string,*,natural_point_of_aim,0.55,TSC
R61,horizontal_string,*,grip_consistency,0.5,TSC
R62,horizontal_string,*,body_sway_lateral,0.5,TSC
R70,scattered_centered,*,fundamentals,0.6,TSC
R71,scattered_centered,*,breathing,0.45,FM
R72,scattered_centered,*,wrist_instability,0.4,TSC
